mm_db_train.df_size,spark_cluster.num_nodes,pymonitor.num_nodes,pymonitor.dir,mm_dbscan.runtime,mm_dbscan.avg_mem,mm_dbscan.peak_mem,mm_dbscan.avg_cpu
128m,1,1,$ITER_DIR,122.94135117530823,24.55806451612904,44.2,26.84516129032259
256m,2,2,$ITER_DIR,150.94135117530823,24.55806451612904,44.2,26.84516129032259
512m,4,4,$ITER_DIR,180.94135117530823,24.55806451612904,44.2,26.84516129032259
1g,8,8,$ITER_DIR,200.94135117530823,24.55806451612904,44.2,26.84516129032259
2g,16,16,$ITER_DIR,220.94135117530823,24.55806451612904,44.2,26.84516129032259